question,temperature,output,timestamp
hoạt động thương mại điện tử là gì,100,"Hoạt động thương mại điện tử (TMĐT) là việc sử dụng mạng lưới internet và các công nghệ thông tin khác để thực hiện các hoạt động thương mại như mua bán hàng hóa, dịch vụ, thanh toán trực tuyến, chuyển phát...

Cụ thể hơn, TMĐT bao gồm nhiều hình thức như:

* **Bán hàng trực tuyến:** Doanh nghiệp cung cấp thông tin sản phẩm, dịch vụ trực tuyến và khách hàng đặt mua, thanh toán trực tuyến, hàng hóa được giao hàng tận nơi hoặc đến điểm hẹn. 
* **Dịch vụ trực tuyến:** Doanh nghiệp cung cấp dịch vụ như thanh toán hóa đơn, đặt vé máy bay, đặt chỗ khách sạn, đào tạo trực tuyến...
* **Marketing trực tuyến:** Sử dụng internet và các công cụ mạng xã hội để quảng bá, tiếp thị sản phẩm, dịch vụ cho khách hàng mục tiêu.
* **Mạng xã hội thương mại:** Doanh nghiệp sử dụng các nền tảng mạng xã hội để bán hàng, quảng bá thương hiệu và tương tác với khách hàng.

Hoạt động TMĐT đã và đang ngày càng phát triển tại Việt Nam và trên thế giới, mang lại nhiều lợi ích cho cả doanh nghiệp và người tiêu dùng. Tuy nhiên, bạn cũng nên lưu ý đến các nguy cơ như lừa đảo, vi phạm bản quyền... khi tham gia TMĐT.
",2024-11-06 20:49:40.809693
hoạt động thương mại điện tử là gì?,100,"> Theo Nghị định số 52/2013/NĐ-CP ngày 16/5/2013 của Chính phủ, **hoạt động thương mại điện tử** được định nghĩa là việc tiến hành một phần hoặc toàn bộ quy trình của hoạt động thương mại bằng phương tiện điện tử có kết nối với mạng Internet, mạng viễn thông di động hoặc các mạng mở khác. 
> 
> Nói cách khác, **thương mại điện tử** bao gồm các giao dịch mua bán, trao đổi hàng hóa, dịch vụ, tiền bạc thông qua các nền tảng kỹ thuật số, ví dụ như website, ứng dụng di động, email... mà không cần thực hiện các thao tác truyền thống như gặp mặt trực tiếp, trao đổi tiền mặt, ký kết hợp đồng giấy tờ. ",2024-11-06 21:17:05.215894
